address,owner,started_utc,branch,notes
0x00431D3C,terra-texthelper,2026-08-12T11:03:35.586652Z,main,TextHelper continuation lane; src/TextHelper.cpp and src/TextHelper.hpp only
0x00432164,terra-texthelper,2026-08-12T11:03:35.586652Z,main,TextHelper continuation lane; src/TextHelper.cpp and src/TextHelper.hpp only
0x0043225B,terra-texthelper,2026-08-12T11:03:35.586652Z,main,TextHelper continuation lane; src/TextHelper.cpp and src/TextHelper.hpp only
0x0043227E,terra-texthelper,2026-08-12T11:03:35.586652Z,main,TextHelper continuation lane; src/TextHelper.cpp and src/TextHelper.hpp only
0x004322A3,terra-texthelper,2026-08-12T11:03:35.586652Z,main,TextHelper continuation lane; src/TextHelper.cpp and src/TextHelper.hpp only
0x00436110,terra-midi,2026-08-12T11:03:35.632126Z,main,Midi lane; src/Midi.cpp and src/Midi.hpp only
0x00436160,terra-midi,2026-08-12T11:03:35.632126Z,main,Midi lane; src/Midi.cpp and src/Midi.hpp only
0x004361C0,terra-midi,2026-08-12T11:03:35.632126Z,main,Midi lane; src/Midi.cpp and src/Midi.hpp only
0x00436200,terra-midi,2026-08-12T11:03:35.632126Z,main,Midi lane; src/Midi.cpp and src/Midi.hpp only
0x00436250,terra-midi,2026-08-12T11:03:35.632126Z,main,Midi lane; src/Midi.cpp and src/Midi.hpp only
0x004362A0,terra-midi,2026-08-12T11:03:35.632126Z,main,Midi lane; src/Midi.cpp and src/Midi.hpp only
0x004362D0,terra-midi,2026-08-12T11:03:35.632126Z,main,Midi lane; src/Midi.cpp and src/Midi.hpp only
0x004363C0,terra-midi,2026-08-12T11:03:35.632126Z,main,Midi lane; src/Midi.cpp and src/Midi.hpp only
0x004365B0,terra-midi,2026-08-12T11:03:35.632126Z,main,Midi lane; src/Midi.cpp and src/Midi.hpp only
0x004369C0,terra-midi,2026-08-12T11:03:35.632126Z,main,Midi lane; src/Midi.cpp and src/Midi.hpp only
0x00436C90,terra-midi,2026-08-12T11:03:35.632126Z,main,Midi lane; src/Midi.cpp and src/Midi.hpp only
0x0045C6F0,terra-zwave,2026-08-12T11:03:35.667091Z,main,DirectSound lane; src/zwave.cpp and src/zwave.hpp only
0x0045C710,terra-zwave,2026-08-12T11:03:35.667091Z,main,DirectSound lane; src/zwave.cpp and src/zwave.hpp only
0x0045C740,terra-zwave,2026-08-12T11:03:35.667091Z,main,DirectSound lane; src/zwave.cpp and src/zwave.hpp only
0x0045D5B0,terra-zwave,2026-08-12T11:03:35.667091Z,main,DirectSound lane; src/zwave.cpp and src/zwave.hpp only
0x0045D660,terra-zwave,2026-08-12T11:03:35.667091Z,main,DirectSound lane; src/zwave.cpp and src/zwave.hpp only
0x0045D720,terra-zwave,2026-08-12T11:03:35.667091Z,main,DirectSound lane; src/zwave.cpp and src/zwave.hpp only
0x0045D9B0,terra-zwave,2026-08-12T11:03:35.667091Z,main,DirectSound lane; src/zwave.cpp and src/zwave.hpp only
0x0045DAB0,terra-zwave,2026-08-12T11:03:35.667091Z,main,DirectSound lane; src/zwave.cpp and src/zwave.hpp only
