unit,library,member,address,symbol,rel32_targets,dir32_targets
vc7-d3dx8-auto-cd3dxblt,d3dx8,obj/i386/cd3dxblt.obj,0x0046312D,??1TF_Row@@QAE@XZ,??3@YAXPAX@Z=0x0047D43C,
vc7-d3dx8-auto-cd3dxblt,d3dx8,obj/i386/cd3dxblt.obj,0x00464DCB,?BltCopy@CD3DXBlt@@IAEJXZ,??2@YAPAXI@Z=0x0047D441;??3@YAXPAX@Z=0x0047D43C,
vc7-d3dx8-auto-cd3dxblt,d3dx8,obj/i386/cd3dxblt.obj,0x00464E6D,?BltNone@CD3DXBlt@@IAEJXZ,??2@YAPAXI@Z=0x0047D441;??3@YAXPAX@Z=0x0047D43C,
vc7-d3dx8-auto-cd3dxblt,d3dx8,obj/i386/cd3dxblt.obj,0x00464FE2,?BltPoint@CD3DXBlt@@IAEJXZ,??2@YAPAXI@Z=0x0047D441;??3@YAXPAX@Z=0x0047D43C,
vc7-d3dx8-auto-cd3dxblt,d3dx8,obj/i386/cd3dxblt.obj,0x004658B6,?LF_SetupLinear@@YAPAEIIH@Z,??2@YAPAXI@Z=0x0047D441;?F2IBegin@@YAXXZ=0x00464C66;?F2IEnd@@YAXXZ=0x00464C89;_floor=0x0047EE10,__real@3f000000=__real@3f000000;__real@3f800000=__real@3f800000
vc7-d3dx8-auto-cd3dxblt,d3dx8,obj/i386/cd3dxblt.obj,0x00465987,?BltLinear2D@CD3DXBlt@@IAEJXZ,??2@YAPAXI@Z=0x0047D441;??3@YAXPAX@Z=0x0047D43C;?LF_SetupLinear@@YAPAEIIH@Z=0x004658B6,
vc7-d3dx8-auto-cd3dxblt,d3dx8,obj/i386/cd3dxblt.obj,0x00465CC8,?BltLinear3D@CD3DXBlt@@IAEJXZ,??2@YAPAXI@Z=0x0047D441;??3@YAXPAX@Z=0x0047D43C;?LF_SetupLinear@@YAPAEIIH@Z=0x004658B6,
vc7-d3dx8-auto-cd3dxblt,d3dx8,obj/i386/cd3dxblt.obj,0x00466315,?Blt@CD3DXBlt@@QAEJPAUD3DX_BLT@@0K@Z,?BltBox2D@CD3DXBlt@@IAEJXZ=0x00465178;?BltBox3D@CD3DXBlt@@IAEJXZ=0x0046550D;?BltCopy@CD3DXBlt@@IAEJXZ=0x00464DCB;?BltLinear2D@CD3DXBlt@@IAEJXZ=0x00465987;?BltLinear3D@CD3DXBlt@@IAEJXZ=0x00465CC8;?BltNone@CD3DXBlt@@IAEJXZ=0x00464E6D;?BltPoint@CD3DXBlt@@IAEJXZ=0x00464FE2;?BltSame@CD3DXBlt@@IAEJXZ=0x00464C99;?BltTriangle2D@CD3DXBlt@@IAEJXZ=0x004633F0;?BltTriangle3D@CD3DXBlt@@IAEJXZ=0x004637A6;?Create@CD3DXCodec@@SAPAV1@PAUD3DX_BLT@@@Z=0x0046AF4F,
vc7-d3dx8-auto-cd3dxcodec,d3dx8,obj/i386/cd3dxcodec.obj,0x00468499,?Encode@CD3DXCodec_R8G8B8@@UAEXIIPAUD3DXCOLOR@@@Z,?F2IBegin@@YAXXZ=0x004681F1;?F2IEnd@@YAXXZ=0x00468214,__real@437f0000=bullet_update_real_255
vc7-d3dx8-auto-cd3dxcodec,d3dx8,obj/i386/cd3dxcodec.obj,0x0046855A,?Encode@CD3DXCodec_A8R8G8B8@@UAEXIIPAUD3DXCOLOR@@@Z,?F2IBegin@@YAXXZ=0x004681F1;?F2IEnd@@YAXXZ=0x00468214,__real@437f0000=bullet_update_real_255
vc7-d3dx8-auto-cd3dxcodec,d3dx8,obj/i386/cd3dxcodec.obj,0x00468653,?Encode@CD3DXCodec_X8R8G8B8@@UAEXIIPAUD3DXCOLOR@@@Z,?F2IBegin@@YAXXZ=0x004681F1;?F2IEnd@@YAXXZ=0x00468214,__real@437f0000=bullet_update_real_255
vc7-d3dx8-auto-cd3dxcodec,d3dx8,obj/i386/cd3dxcodec.obj,0x00468B95,?Encode@CD3DXCodec_A8@@UAEXIIPAUD3DXCOLOR@@@Z,?F2IBegin@@YAXXZ=0x004681F1;?F2IEnd@@YAXXZ=0x00468214,__real@437f0000=bullet_update_real_255
vc7-d3dx8-auto-cd3dxcodec,d3dx8,obj/i386/cd3dxcodec.obj,0x00468EE4,?Encode@CD3DXCodec_P8@@UAEXIIPAUD3DXCOLOR@@@Z,??GD3DXCOLOR@@QBE?AU0@ABU0@@Z=0x004681C5,
vc7-d3dx8-auto-cd3dxcodec,d3dx8,obj/i386/cd3dxcodec.obj,0x00469E50,?Decode@CD3DXCodec_P8@@UAEXIIPAUD3DXCOLOR@@@Z,?ColorKey@CD3DXCodec@@IAEXPAUD3DXCOLOR@@@Z=0x00468429,
vc7-d3dx8-auto-cd3dxcodec,d3dx8,obj/i386/cd3dxcodec.obj,0x0046A5C9,?Encode@CD3DXCodecYUV@@UAEXIIPAUD3DXCOLOR@@@Z,?Fetch@CD3DXCodecYUV@@QAEJIIH@Z=0x0046A2F8,
vc7-d3dx8-auto-cd3dxcodec,d3dx8,obj/i386/cd3dxcodec.obj,0x0046A641,?Decode@CD3DXCodecYUV@@UAEXIIPAUD3DXCOLOR@@@Z,?ColorKey@CD3DXCodec@@IAEXPAUD3DXCOLOR@@@Z=0x00468429;?Fetch@CD3DXCodecYUV@@QAEJIIH@Z=0x0046A2F8,
vc7-d3dx8-auto-cd3dxcodec,d3dx8,obj/i386/cd3dxcodec.obj,0x0046A7C7,?Commit@CD3DXCodecDXT@@QAEJXZ,?EncodeBlockAlpha3@@YAXQAUS3TC_COLOR@@PAUS3TCBlockAlpha3@@@Z=0x0047054E;?EncodeBlockAlpha4@@YAXQAUS3TC_COLOR@@PAUS3TCBlockAlpha4@@@Z=0x004704F5;?F2IBegin@@YAXXZ=0x004681F1;?F2IEnd@@YAXXZ=0x00468214;?XXEncodeBlockRGB@@YAXQAUS3TC_COLOR@@PAUS3TCBlockRGB@@@Z=0x0046F9C5,__real@3f000000=__real@3f000000;__real@437f0000=bullet_update_real_255
vc7-d3dx8-auto-cd3dxcodec,d3dx8,obj/i386/cd3dxcodec.obj,0x0046AD9B,?Encode@CD3DXCodecDXT@@UAEXIIPAUD3DXCOLOR@@@Z,?Fetch@CD3DXCodecDXT@@QAEJIIH@Z=0x0046AAF4,
vc7-d3dx8-auto-cd3dxcodec,d3dx8,obj/i386/cd3dxcodec.obj,0x0046AE21,?Decode@CD3DXCodecDXT@@UAEXIIPAUD3DXCOLOR@@@Z,?ColorKey@CD3DXCodec@@IAEXPAUD3DXCOLOR@@@Z=0x00468429;?Fetch@CD3DXCodecDXT@@QAEJIIH@Z=0x0046AAF4,
vc7-d3dx8-auto-cd3dximage,d3dx8,obj/i386/cd3dximage.obj,0x00466440,??1CD3DXImage@@QAE@XZ,??3@YAXPAX@Z=0x0047D43C,
vc7-d3dx8-auto-cd3dximage,d3dx8,obj/i386/cd3dximage.obj,0x00466499,?LoadDIB@CD3DXImage@@AAEJPBXK@Z,??2@YAPAXI@Z=0x0047D441,
vc7-d3dx8-auto-cd3dximage,d3dx8,obj/i386/cd3dximage.obj,0x00466D6B,?LoadTGA@CD3DXImage@@AAEJPBXK@Z,??2@YAPAXI@Z=0x0047D441,
vc7-d3dx8-auto-cd3dximage,d3dx8,obj/i386/cd3dximage.obj,0x004671E3,?LoadPPM@CD3DXImage@@AAEJPBXK@Z,??2@YAPAXI@Z=0x0047D441;_isdigit=0x0047F053;_isspace=0x0047F0CC,
vc7-d3dx8-auto-cd3dximage,d3dx8,obj/i386/cd3dximage.obj,0x004679CA,?LoadDDS@CD3DXImage@@AAEJPBXK@Z,??0CD3DXImage@@QAE@XZ=0x00466427;??2@YAPAXI@Z=0x0047D441,
vc7-d3dx8-auto-cd3dximage,d3dx8,obj/i386/cd3dximage.obj,0x00467CDD,?LoadBMP@CD3DXImage@@AAEJPBXK@Z,?LoadDIB@CD3DXImage@@AAEJPBXK@Z=0x00466499,
vc7-d3dx8-auto-cd3dximage,d3dx8,obj/i386/cd3dximage.obj,0x00467D0D,?Load@CD3DXImage@@QAEJPBXKPAU_D3DXIMAGE_INFO@@@Z,??1CD3DXImage@@QAE@XZ=0x00466440;??3@YAXPAX@Z=0x0047D43C;?LoadBMP@CD3DXImage@@AAEJPBXK@Z=0x00467CDD;?LoadDDS@CD3DXImage@@AAEJPBXK@Z=0x004679CA;?LoadDIB@CD3DXImage@@AAEJPBXK@Z=0x00466499;?LoadJPG@CD3DXImage@@AAEJPBXK@Z=0x00466B16;?LoadPNG@CD3DXImage@@AAEJPBXK@Z=0x004674B4;?LoadPPM@CD3DXImage@@AAEJPBXK@Z=0x004671E3;?LoadTGA@CD3DXImage@@AAEJPBXK@Z=0x00466D6B,
vc7-d3dx8-auto-d3dx8tex,d3dx8,obj/i386/d3dx8tex.obj,0x0046272C,_D3DXLoadSurfaceFromMemory@40,??0CD3DXBlt@@QAE@XZ=0x00463105;??1CD3DXBlt@@QAE@XZ=0x0046310F;?Blt@CD3DXBlt@@QAEJPAUD3DX_BLT@@0K@Z=0x00466315;?FI_Find@@YAPAUFormatInfo@@W4_D3DFORMAT@@@Z=0x004622A6,
vc7-d3dx8-auto-d3dx8tex,d3dx8,obj/i386/d3dx8tex.obj,0x00462962,_D3DXCheckTextureRequirements@28,?CheckTextureRequirements@@YAJPAUIDirect3DDevice8@@PAI111KPAW4_D3DFORMAT@@W4_D3DPOOL@@I@Z=0x0046234A,
vc7-d3dx8-auto-d3dx8tex,d3dx8,obj/i386/d3dx8tex.obj,0x0046298A,_D3DXCreateTexture@32,_D3DXCheckTextureRequirements@28=0x00462962,
vc7-d3dx8-auto-d3dx8tex,d3dx8,obj/i386/d3dx8tex.obj,0x004629F0,_D3DXLoadSurfaceFromFileInMemory@36,??0CD3DXImage@@QAE@XZ=0x00466427;??1CD3DXImage@@QAE@XZ=0x00466440;?Load@CD3DXImage@@QAEJPBXKPAU_D3DXIMAGE_INFO@@@Z=0x00467D0D;_D3DXLoadSurfaceFromMemory@40=0x0046272C,
vc7-d3dx8-auto-d3dx8tex,d3dx8,obj/i386/d3dx8tex.obj,0x00462AA6,_D3DXLoadSurfaceFromSurface@32,_D3DXLoadSurfaceFromMemory@40=0x0046272C,
vc7-d3dx8-auto-d3dx8tex,d3dx8,obj/i386/d3dx8tex.obj,0x00462BC3,_D3DXFilterTexture@16,?FI_Find@@YAPAUFormatInfo@@W4_D3DFORMAT@@@Z=0x004622A6;_D3DXLoadSurfaceFromSurface@32=0x00462AA6,
vc7-d3dx8-auto-d3dx8tex,d3dx8,obj/i386/d3dx8tex.obj,0x00462CF4,_D3DXCreateTextureFromFileInMemoryEx@60,??0CD3DXImage@@QAE@XZ=0x00466427;??1CD3DXImage@@QAE@XZ=0x00466440;?FI_Find@@YAPAUFormatInfo@@W4_D3DFORMAT@@@Z=0x004622A6;?Load@CD3DXImage@@QAEJPBXKPAU_D3DXIMAGE_INFO@@@Z=0x00467D0D;_D3DXCheckTextureRequirements@28=0x00462962;_D3DXFilterTexture@16=0x00462BC3;_D3DXLoadSurfaceFromMemory@40=0x0046272C,
vc7-d3dx8-auto-d3dxmath,d3dx8,obj/i386/d3dxmath.obj,0x00461CF6,_D3DXMatrixRotationQuaternion@8,,__real@40000000=__real@40000000
vc7-d3dx8-auto-d3dxmath,d3dx8,obj/i386/d3dxmath.obj,0x00461DD8,_D3DXMatrixPerspectiveFovLH@20,,__real@3f000000=__real@3f000000
vc7-d3dx8-auto-d3dxmath,d3dx8,obj/i386/d3dxmath.obj,0x004621A0,_D3DXMatrixLookAtLH@16,?D3DXVec3Cross@@YAPAUD3DXVECTOR3@@PAU1@PBU1@1@Z=0x00461E6C;_D3DXVec3Normalize@8=0x00461F0C,
vc7-d3dx8-auto-infblock,d3dx8,obj/i386/infblock.obj,0x00478FB2,?inflate_blocks_reset@D3DX@@YAXPAUinflate_blocks_state@1@PAUz_stream_s@1@PAK@Z,?inflate_codes_free@D3DX@@YAXPAUinflate_codes_state@1@PAUz_stream_s@1@@Z=0x0047AA3C,
vc7-d3dx8-auto-infblock,d3dx8,obj/i386/infblock.obj,0x0047901D,?inflate_blocks_new@D3DX@@YAPAUinflate_blocks_state@1@PAUz_stream_s@1@P6AKKPBEI@ZI@Z,?inflate_blocks_reset@D3DX@@YAXPAUinflate_blocks_state@1@PAUz_stream_s@1@PAK@Z=0x00478FB2,
vc7-d3dx8-auto-infblock,d3dx8,obj/i386/infblock.obj,0x004799C1,?inflate_blocks_free@D3DX@@YAHPAUinflate_blocks_state@1@PAUz_stream_s@1@@Z,?inflate_blocks_reset@D3DX@@YAXPAUinflate_blocks_state@1@PAUz_stream_s@1@PAK@Z=0x00478FB2,
vc7-d3dx8-auto-inflate,d3dx8,obj/i386/inflate.obj,0x00471D32,_inflateReset,?inflate_blocks_reset@D3DX@@YAXPAUinflate_blocks_state@1@PAUz_stream_s@1@PAK@Z=0x00478FB2,
vc7-d3dx8-auto-inflate,d3dx8,obj/i386/inflate.obj,0x00471D71,_inflateEnd,?inflate_blocks_free@D3DX@@YAHPAUinflate_blocks_state@1@PAUz_stream_s@1@@Z=0x004799C1,
vc7-d3dx8-auto-inflate,d3dx8,obj/i386/inflate.obj,0x00471DAF,_inflateInit2_,?inflate_blocks_new@D3DX@@YAPAUinflate_blocks_state@1@PAUz_stream_s@1@P6AKKPBEI@ZI@Z=0x0047901D;_inflateEnd=0x00471D71;_inflateReset=0x00471D32,?zcalloc@D3DX@@YAPAXPAXII@Z=0x00479B0E;?zcfree@D3DX@@YAXPAX0@Z=0x00479B1E;_adler32=0x004799F5
vc7-d3dx8-auto-inflate,d3dx8,obj/i386/inflate.obj,0x00471E94,_inflateInit_,_inflateInit2_=0x00471DAF,
vc7-d3dx8-auto-jdapimin,d3dx8,obj/i386/jdapimin.obj,0x0046B81D,_jpeg_consume_input,?default_decompress_parms@D3DX@@YAXPAUjpeg_decompress_struct@1@@Z=0x0046B69E,
vc7-d3dx8-auto-jdapimin,d3dx8,obj/i386/jdapimin.obj,0x0046B8B7,_jpeg_finish_decompress,_jpeg_abort=0x004716C3,
vc7-d3dx8-auto-jdapimin,d3dx8,obj/i386/jdapimin.obj,0x0046B958,_jpeg_read_header,_jpeg_abort=0x004716C3;_jpeg_consume_input=0x0046B81D,
vc7-d3dx8-auto-jdapistd,d3dx8,obj/i386/jdapistd.obj,0x0046BAE3,_jpeg_start_decompress,?jinit_master_decompress@D3DX@@YAXPAUjpeg_decompress_struct@1@@Z=0x00471D02;?output_pass_setup@D3DX@@YAEPAUjpeg_decompress_struct@1@@Z=0x0046B9BB,
vc7-d3dx8-auto-jdcoefct,d3dx8,obj/i386/jdcoefct.obj,0x00473D76,?start_input_pass@D3DX@@YAXPAUjpeg_decompress_struct@1@@Z,?start_iMCU_row@D3DX@@YAXPAUjpeg_decompress_struct@1@@Z=0x00473D37,
vc7-d3dx8-auto-jdcoefct,d3dx8,obj/i386/jdcoefct.obj,0x00473D86,?decompress_onepass@D3DX@@YAHPAUjpeg_decompress_struct@1@PAPAPAE@Z,?jzero_far@D3DX@@YAXPAXI@Z=0x00470735;?start_iMCU_row@D3DX@@YAXPAUjpeg_decompress_struct@1@@Z=0x00473D37,
vc7-d3dx8-auto-jdcoefct,d3dx8,obj/i386/jdcoefct.obj,0x00473F60,?consume_data@D3DX@@YAHPAUjpeg_decompress_struct@1@@Z,?start_iMCU_row@D3DX@@YAXPAUjpeg_decompress_struct@1@@Z=0x00473D37,
vc7-d3dx8-auto-jdcoefct,d3dx8,obj/i386/jdcoefct.obj,0x00474348,?decompress_smooth_data@D3DX@@YAHPAUjpeg_decompress_struct@1@PAPAPAE@Z,?jcopy_block_row@D3DX@@YAXPAY0EA@F0I@Z=0x00470713,
vc7-d3dx8-auto-jdcoefct,d3dx8,obj/i386/jdcoefct.obj,0x00474860,?start_output_pass@D3DX@@YAXPAUjpeg_decompress_struct@1@@Z,?smoothing_ok@D3DX@@YAEPAUjpeg_decompress_struct@1@@Z=0x00474265,?decompress_data@D3DX@@YAHPAUjpeg_decompress_struct@1@PAPAPAE@Z=0x004740FF;?decompress_smooth_data@D3DX@@YAHPAUjpeg_decompress_struct@1@PAPAPAE@Z=0x00474348
vc7-d3dx8-auto-jdcoefct,d3dx8,obj/i386/jdcoefct.obj,0x0047489B,?jinit_d_coef_controller@D3DX@@YAXPAUjpeg_decompress_struct@1@E@Z,?jround_up@D3DX@@YAJJJ@Z=0x004706B4,?consume_data@D3DX@@YAHPAUjpeg_decompress_struct@1@@Z=0x00473F60;?decompress_data@D3DX@@YAHPAUjpeg_decompress_struct@1@PAPAPAE@Z=0x004740FF;?decompress_onepass@D3DX@@YAHPAUjpeg_decompress_struct@1@PAPAPAE@Z=0x00473D86;?dummy_consume_data@D3DX@@YAHPAUjpeg_decompress_struct@1@@Z=0x004889EB;?start_input_pass@D3DX@@YAXPAUjpeg_decompress_struct@1@@Z=0x00473D76;?start_output_pass@D3DX@@YAXPAUjpeg_decompress_struct@1@@Z=0x00474860
vc7-d3dx8-auto-jdcolor,d3dx8,obj/i386/jdcolor.obj,0x00476A60,?grayscale_convert@D3DX@@YAXPAUjpeg_decompress_struct@1@PAPAPAEIPAPAEH@Z,?jcopy_sample_rows@D3DX@@YAXPAPAEH0HHI@Z=0x004706CC,
vc7-d3dx8-auto-jdcolor,d3dx8,obj/i386/jdcolor.obj,0x00476F10,?jinit_color_deconverter@D3DX@@YAXPAUjpeg_decompress_struct@1@@Z,?build_ycc_rgb_table@D3DX@@YAXPAUjpeg_decompress_struct@1@@Z=0x00476946,?grayscale_convert@D3DX@@YAXPAUjpeg_decompress_struct@1@PAPAPAEIPAPAEH@Z=0x00476A60;?null_convert@D3DX@@YAXPAUjpeg_decompress_struct@1@PAPAPAEIPAPAEH@Z=0x004769F6;?start_pass_dcolor@D3DX@@YAXPAUjpeg_decompress_struct@1@@Z=0x004674B3;?ycc_rgb_convert@D3DX@@YAXPAUjpeg_decompress_struct@1@PAPAPAEIPAPAEH@Z=0x00476CF2;?ycck_cmyk_convert@D3DX@@YAXPAUjpeg_decompress_struct@1@PAPAPAEIPAPAEH@Z=0x00476A83
vc7-d3dx8-auto-jddctmgr,d3dx8,obj/i386/jddctmgr.obj,0x0047602A,?jinit_inverse_dct@D3DX@@YAXPAUjpeg_decompress_struct@1@@Z,,?start_pass@D3DX@@YAXPAUjpeg_decompress_struct@1@@Z=0x00475E73
vc7-d3dx8-auto-jdhuff,d3dx8,obj/i386/jdhuff.obj,0x00474C20,?jpeg_huff_decode@D3DX@@YAHPAUbitread_working_state@1@JHPAUd_derived_tbl@1@H@Z,?jpeg_fill_bit_buffer@D3DX@@YAEPAUbitread_working_state@1@JHH@Z=0x00474B36,
vc7-d3dx8-auto-jdhuff,d3dx8,obj/i386/jdhuff.obj,0x00475131,?start_pass_huff_decoder@D3DX@@YAXPAUjpeg_decompress_struct@1@@Z,?jpeg_make_d_derived_tbl@D3DX@@YAXPAUjpeg_decompress_struct@1@PAUJHUFF_TBL@1@PAPAUd_derived_tbl@1@@Z=0x00474993,
vc7-d3dx8-auto-jdhuff,d3dx8,obj/i386/jdhuff.obj,0x00475260,?jinit_huff_decoder@D3DX@@YAXPAUjpeg_decompress_struct@1@@Z,,?decode_mcu@D3DX@@YAEPAUjpeg_decompress_struct@1@PAPAY0EA@F@Z=0x00474D64;?start_pass_huff_decoder@D3DX@@YAXPAUjpeg_decompress_struct@1@@Z=0x00475131
vc7-d3dx8-auto-jdinput,d3dx8,obj/i386/jdinput.obj,0x00470781,?initial_setup@D3DX@@YAXPAUjpeg_decompress_struct@1@@Z,?jdiv_round_up@D3DX@@YAJJJ@Z=0x004706A4,
vc7-d3dx8-auto-jdinput,d3dx8,obj/i386/jdinput.obj,0x0047093C,?per_scan_setup@D3DX@@YAXPAUjpeg_decompress_struct@1@@Z,?jdiv_round_up@D3DX@@YAJJJ@Z=0x004706A4,
vc7-d3dx8-auto-jdinput,d3dx8,obj/i386/jdinput.obj,0x00470B44,?start_input_pass@D3DX@@YAXPAUjpeg_decompress_struct@1@@Z,?latch_quant_tables@D3DX@@YAXPAUjpeg_decompress_struct@1@@Z=0x00470AB2;?per_scan_setup@D3DX@@YAXPAUjpeg_decompress_struct@1@@Z=0x0047093C,
vc7-d3dx8-auto-jdinput,d3dx8,obj/i386/jdinput.obj,0x00470B7E,?consume_markers@D3DX@@YAHPAUjpeg_decompress_struct@1@@Z,?initial_setup@D3DX@@YAXPAUjpeg_decompress_struct@1@@Z=0x00470781;?start_input_pass@D3DX@@YAXPAUjpeg_decompress_struct@1@@Z=0x00470B44,
vc7-d3dx8-auto-jdinput,d3dx8,obj/i386/jdinput.obj,0x00470C11,?reset_input_controller@D3DX@@YAXPAUjpeg_decompress_struct@1@@Z,,?consume_markers@D3DX@@YAHPAUjpeg_decompress_struct@1@@Z=0x00470B7E
vc7-d3dx8-auto-jdinput,d3dx8,obj/i386/jdinput.obj,0x00470C48,?finish_input_pass@D3DX@@YAXPAUjpeg_decompress_struct@1@@Z,,?consume_markers@D3DX@@YAHPAUjpeg_decompress_struct@1@@Z=0x00470B7E
vc7-d3dx8-auto-jdinput,d3dx8,obj/i386/jdinput.obj,0x00470C59,?jinit_input_controller@D3DX@@YAXPAUjpeg_decompress_struct@1@@Z,,?consume_markers@D3DX@@YAHPAUjpeg_decompress_struct@1@@Z=0x00470B7E;?finish_input_pass@D3DX@@YAXPAUjpeg_decompress_struct@1@@Z=0x00470C48;?reset_input_controller@D3DX@@YAXPAUjpeg_decompress_struct@1@@Z=0x00470C11;?start_input_pass@D3DX@@YAXPAUjpeg_decompress_struct@1@@Z=0x00470B44
vc7-d3dx8-auto-jdmainct,d3dx8,obj/i386/jdmainct.obj,0x00473AD1,?process_data_context_main@D3DX@@YAXPAUjpeg_decompress_struct@1@PAPAEPAII@Z,?set_bottom_pointers@D3DX@@YAXPAUjpeg_decompress_struct@1@@Z=0x004739D3;?set_wraparound_pointers@D3DX@@YAXPAUjpeg_decompress_struct@1@@Z=0x004738FF,
vc7-d3dx8-auto-jdmainct,d3dx8,obj/i386/jdmainct.obj,0x00473BFC,?start_pass_main@D3DX@@YAXPAUjpeg_decompress_struct@1@W4J_BUF_MODE@1@@Z,?make_funny_pointers@D3DX@@YAXPAUjpeg_decompress_struct@1@@Z=0x004737CE,?process_data_context_main@D3DX@@YAXPAUjpeg_decompress_struct@1@PAPAEPAII@Z=0x00473AD1;?process_data_crank_post@D3DX@@YAXPAUjpeg_decompress_struct@1@PAPAEPAII@Z=0x00473BD9;?process_data_simple_main@D3DX@@YAXPAUjpeg_decompress_struct@1@PAPAEPAII@Z=0x00473A69
vc7-d3dx8-auto-jdmainct,d3dx8,obj/i386/jdmainct.obj,0x00473C64,?jinit_d_main_controller@D3DX@@YAXPAUjpeg_decompress_struct@1@E@Z,?alloc_funny_pointers@D3DX@@YAXPAUjpeg_decompress_struct@1@@Z=0x00473726,?start_pass_main@D3DX@@YAXPAUjpeg_decompress_struct@1@W4J_BUF_MODE@1@@Z=0x00473BFC
vc7-d3dx8-auto-jdmarker,d3dx8,obj/i386/jdmarker.obj,0x0046C723,?get_dht@D3DX@@YAEPAUjpeg_decompress_struct@1@@Z,_jpeg_alloc_huff_table=0x0047171C,
vc7-d3dx8-auto-jdmarker,d3dx8,obj/i386/jdmarker.obj,0x0046D0DF,?read_restart_marker@D3DX@@YAEPAUjpeg_decompress_struct@1@@Z,?next_marker@D3DX@@YAEPAUjpeg_decompress_struct@1@@Z=0x0046CD7C,
vc7-d3dx8-auto-jdmarker,d3dx8,obj/i386/jdmarker.obj,0x0046D15D,_jpeg_resync_to_restart,?next_marker@D3DX@@YAEPAUjpeg_decompress_struct@1@@Z=0x0046CD7C,
vc7-d3dx8-auto-jdmarker,d3dx8,obj/i386/jdmarker.obj,0x0046D276,?jinit_marker_reader@D3DX@@YAXPAUjpeg_decompress_struct@1@@Z,?reset_marker_reader@D3DX@@YAXPAUjpeg_decompress_struct@1@@Z=0x0046D24C,?get_app0@D3DX@@YAEPAUjpeg_decompress_struct@1@@Z=0x0046C216;?get_app14@D3DX@@YAEPAUjpeg_decompress_struct@1@@Z=0x0046C452;?read_markers@D3DX@@YAHPAUjpeg_decompress_struct@1@@Z=0x0046CEEB;?read_restart_marker@D3DX@@YAEPAUjpeg_decompress_struct@1@@Z=0x0046D0DF;?reset_marker_reader@D3DX@@YAXPAUjpeg_decompress_struct@1@@Z=0x0046D24C;?skip_variable@D3DX@@YAEPAUjpeg_decompress_struct@1@@Z=0x0046CCE0
vc7-d3dx8-auto-jdmaster,d3dx8,obj/i386/jdmaster.obj,0x004717A9,_jpeg_calc_output_dimensions,?jdiv_round_up@D3DX@@YAJJJ@Z=0x004706A4;?use_merged_upsample@D3DX@@YAEPAUjpeg_decompress_struct@1@@Z=0x00471738,
vc7-d3dx8-auto-jdmaster,d3dx8,obj/i386/jdmaster.obj,0x00471A07,?master_selection@D3DX@@YAXPAUjpeg_decompress_struct@1@@Z,?jinit_1pass_quantizer@D3DX@@YAXPAUjpeg_decompress_struct@1@@Z=0x00478F29;?jinit_2pass_quantizer@D3DX@@YAXPAUjpeg_decompress_struct@1@@Z=0x00478491;?jinit_color_deconverter@D3DX@@YAXPAUjpeg_decompress_struct@1@@Z=0x00476F10;?jinit_d_coef_controller@D3DX@@YAXPAUjpeg_decompress_struct@1@E@Z=0x0047489B;?jinit_d_main_controller@D3DX@@YAXPAUjpeg_decompress_struct@1@E@Z=0x00473C64;?jinit_d_post_controller@D3DX@@YAXPAUjpeg_decompress_struct@1@E@Z=0x004762C5;?jinit_huff_decoder@D3DX@@YAXPAUjpeg_decompress_struct@1@@Z=0x00475260;?jinit_inverse_dct@D3DX@@YAXPAUjpeg_decompress_struct@1@@Z=0x0047602A;?jinit_merged_upsampler@D3DX@@YAXPAUjpeg_decompress_struct@1@@Z=0x00477509;?jinit_phuff_decoder@D3DX@@YAXPAUjpeg_decompress_struct@1@@Z=0x00475E12;?jinit_upsampler@D3DX@@YAXPAUjpeg_decompress_struct@1@@Z=0x00476785;?prepare_range_limit_table@D3DX@@YAXPAUjpeg_decompress_struct@1@@Z=0x00471998;?use_merged_upsample@D3DX@@YAEPAUjpeg_decompress_struct@1@@Z=0x00471738;_jpeg_calc_output_dimensions=0x004717A9,
vc7-d3dx8-auto-jdmaster,d3dx8,obj/i386/jdmaster.obj,0x00471D02,?jinit_master_decompress@D3DX@@YAXPAUjpeg_decompress_struct@1@@Z,?master_selection@D3DX@@YAXPAUjpeg_decompress_struct@1@@Z=0x00471A07,?finish_output_pass@D3DX@@YAXPAUjpeg_decompress_struct@1@@Z=0x00471CE1;?prepare_for_output_pass@D3DX@@YAXPAUjpeg_decompress_struct@1@@Z=0x00471BB4
vc7-d3dx8-auto-jdmerge,d3dx8,obj/i386/jdmerge.obj,0x004770F6,?merged_2v_upsample@D3DX@@YAXPAUjpeg_decompress_struct@1@PAPAPAEPAIIPAPAE2I@Z,?jcopy_sample_rows@D3DX@@YAXPAPAEH0HHI@Z=0x004706CC,
vc7-d3dx8-auto-jdmerge,d3dx8,obj/i386/jdmerge.obj,0x00477509,?jinit_merged_upsampler@D3DX@@YAXPAUjpeg_decompress_struct@1@@Z,?build_ycc_rgb_table@D3DX@@YAXPAUjpeg_decompress_struct@1@@Z=0x00477031,?h2v1_merged_upsample@D3DX@@YAXPAUjpeg_decompress_struct@1@PAPAPAEIPAPAE@Z=0x004771CD;?h2v2_merged_upsample@D3DX@@YAXPAUjpeg_decompress_struct@1@PAPAPAEIPAPAE@Z=0x00477323;?merged_1v_upsample@D3DX@@YAXPAUjpeg_decompress_struct@1@PAPAPAEPAIIPAPAE2I@Z=0x0047719C;?merged_2v_upsample@D3DX@@YAXPAUjpeg_decompress_struct@1@PAPAPAEPAIIPAPAE2I@Z=0x004770F6;?start_pass_merged_upsample@D3DX@@YAXPAUjpeg_decompress_struct@1@@Z=0x004770E1
vc7-d3dx8-auto-jdphuff,d3dx8,obj/i386/jdphuff.obj,0x0047571F,?decode_mcu_DC_refine@D3DX@@YAEPAUjpeg_decompress_struct@1@PAPAY0EA@F@Z,?jpeg_fill_bit_buffer@D3DX@@YAEPAUbitread_working_state@1@JHH@Z=0x00474B36;?process_restart@D3DX@@YAEPAUjpeg_decompress_struct@1@@Z=0x0047529A,
vc7-d3dx8-auto-jdphuff,d3dx8,obj/i386/jdphuff.obj,0x00475B6F,?start_pass_phuff_decoder@D3DX@@YAXPAUjpeg_decompress_struct@1@@Z,?jpeg_make_d_derived_tbl@D3DX@@YAXPAUjpeg_decompress_struct@1@PAUJHUFF_TBL@1@PAPAUd_derived_tbl@1@@Z=0x00474993,?decode_mcu_AC_first@D3DX@@YAEPAUjpeg_decompress_struct@1@PAPAY0EA@F@Z=0x004754F2;?decode_mcu_AC_refine@D3DX@@YAEPAUjpeg_decompress_struct@1@PAPAY0EA@F@Z=0x00475801;?decode_mcu_DC_first@D3DX@@YAEPAUjpeg_decompress_struct@1@PAPAY0EA@F@Z=0x004752F5;?decode_mcu_DC_refine@D3DX@@YAEPAUjpeg_decompress_struct@1@PAPAY0EA@F@Z=0x0047571F
vc7-d3dx8-auto-jdphuff,d3dx8,obj/i386/jdphuff.obj,0x00475E12,?jinit_phuff_decoder@D3DX@@YAXPAUjpeg_decompress_struct@1@@Z,,?start_pass_phuff_decoder@D3DX@@YAXPAUjpeg_decompress_struct@1@@Z=0x00475B6F
vc7-d3dx8-auto-jdpostct,d3dx8,obj/i386/jdpostct.obj,0x0047621F,?start_pass_dpost@D3DX@@YAXPAUjpeg_decompress_struct@1@W4J_BUF_MODE@1@@Z,,?post_process_1pass@D3DX@@YAXPAUjpeg_decompress_struct@1@PAPAPAEPAIIPAPAE2I@Z=0x0047609E;?post_process_2pass@D3DX@@YAXPAUjpeg_decompress_struct@1@PAPAPAEPAIIPAPAE2I@Z=0x00476193;?post_process_prepass@D3DX@@YAXPAUjpeg_decompress_struct@1@PAPAPAEPAIIPAPAE2I@Z=0x00476103
vc7-d3dx8-auto-jdpostct,d3dx8,obj/i386/jdpostct.obj,0x004762C5,?jinit_d_post_controller@D3DX@@YAXPAUjpeg_decompress_struct@1@E@Z,?jround_up@D3DX@@YAJJJ@Z=0x004706B4,?start_pass_dpost@D3DX@@YAXPAUjpeg_decompress_struct@1@W4J_BUF_MODE@1@@Z=0x0047621F
vc7-d3dx8-auto-jdsample,d3dx8,obj/i386/jdsample.obj,0x00476433,?noop_upsample@D3DX@@YAXPAUjpeg_decompress_struct@1@PAUjpeg_component_info@1@PAPAEPAPAPAE@Z,,
vc7-d3dx8-auto-jdsample,d3dx8,obj/i386/jdsample.obj,0x0047643B,?int_upsample@D3DX@@YAXPAUjpeg_decompress_struct@1@PAUjpeg_component_info@1@PAPAEPAPAPAE@Z,?jcopy_sample_rows@D3DX@@YAXPAPAEH0HHI@Z=0x004706CC,
vc7-d3dx8-auto-jdsample,d3dx8,obj/i386/jdsample.obj,0x00476571,?h2v2_upsample@D3DX@@YAXPAUjpeg_decompress_struct@1@PAUjpeg_component_info@1@PAPAEPAPAPAE@Z,?jcopy_sample_rows@D3DX@@YAXPAPAEH0HHI@Z=0x004706CC,
vc7-d3dx8-auto-jdsample,d3dx8,obj/i386/jdsample.obj,0x00476785,?jinit_upsampler@D3DX@@YAXPAUjpeg_decompress_struct@1@@Z,?jround_up@D3DX@@YAJJJ@Z=0x004706B4,?fullsize_upsample@D3DX@@YAXPAUjpeg_decompress_struct@1@PAUjpeg_component_info@1@PAPAEPAPAPAE@Z=0x00476428;?h2v1_fancy_upsample@D3DX@@YAXPAUjpeg_decompress_struct@1@PAUjpeg_component_info@1@PAPAEPAPAPAE@Z=0x004765DB;?h2v1_upsample@D3DX@@YAXPAUjpeg_decompress_struct@1@PAUjpeg_component_info@1@PAPAEPAPAPAE@Z=0x0047651A;?h2v2_fancy_upsample@D3DX@@YAXPAUjpeg_decompress_struct@1@PAUjpeg_component_info@1@PAPAEPAPAPAE@Z=0x0047667E;?h2v2_upsample@D3DX@@YAXPAUjpeg_decompress_struct@1@PAUjpeg_component_info@1@PAPAEPAPAPAE@Z=0x00476571;?int_upsample@D3DX@@YAXPAUjpeg_decompress_struct@1@PAUjpeg_component_info@1@PAPAEPAPAPAE@Z=0x0047643B;?noop_upsample@D3DX@@YAXPAUjpeg_decompress_struct@1@PAUjpeg_component_info@1@PAPAEPAPAPAE@Z=0x00476433;?sep_upsample@D3DX@@YAXPAUjpeg_decompress_struct@1@PAPAPAEPAIIPAPAE2I@Z=0x00476362;?start_pass_upsample@D3DX@@YAXPAUjpeg_decompress_struct@1@@Z=0x00476348
vc7-d3dx8-auto-jerror,d3dx8,obj/i386/jerror.obj,0x0046D35C,?format_message@D3DX@@YAXPAUjpeg_common_struct@1@PAD@Z,_sprintf=0x0047D44F,
vc7-d3dx8-auto-jmemmgr,d3dx8,obj/i386/jmemmgr.obj,0x00470DAB,?alloc_large@D3DX@@YAPAXPAUjpeg_common_struct@1@HI@Z,?jpeg_get_large@D3DX@@YAPAXPAUjpeg_common_struct@1@I@Z=0x00473702;?out_of_memory@D3DX@@YAXPAUjpeg_common_struct@1@H@Z=0x00470C9A,
vc7-d3dx8-auto-jmemmgr,d3dx8,obj/i386/jmemmgr.obj,0x00470E39,?alloc_sarray@D3DX@@YAPAPAEPAUjpeg_common_struct@1@HII@Z,?alloc_large@D3DX@@YAPAXPAUjpeg_common_struct@1@HI@Z=0x00470DAB;?alloc_small@D3DX@@YAPAXPAUjpeg_common_struct@1@HI@Z=0x00470CAF,
vc7-d3dx8-auto-jmemmgr,d3dx8,obj/i386/jmemmgr.obj,0x00470ECB,?alloc_barray@D3DX@@YAPAPAY0EA@FPAUjpeg_common_struct@1@HII@Z,?alloc_large@D3DX@@YAPAXPAUjpeg_common_struct@1@HI@Z=0x00470DAB;?alloc_small@D3DX@@YAPAXPAUjpeg_common_struct@1@HI@Z=0x00470CAF,
vc7-d3dx8-auto-jmemmgr,d3dx8,obj/i386/jmemmgr.obj,0x00470F69,?request_virt_sarray@D3DX@@YAPAUjvirt_sarray_control@1@PAUjpeg_common_struct@1@HEIII@Z,?alloc_small@D3DX@@YAPAXPAUjpeg_common_struct@1@HI@Z=0x00470CAF,
vc7-d3dx8-auto-jmemmgr,d3dx8,obj/i386/jmemmgr.obj,0x00470FCA,?request_virt_barray@D3DX@@YAPAUjvirt_barray_control@1@PAUjpeg_common_struct@1@HEIII@Z,?alloc_small@D3DX@@YAPAXPAUjpeg_common_struct@1@HI@Z=0x00470CAF,
vc7-d3dx8-auto-jmemmgr,d3dx8,obj/i386/jmemmgr.obj,0x0047102B,?realize_virt_arrays@D3DX@@YAXPAUjpeg_common_struct@1@@Z,?alloc_barray@D3DX@@YAPAPAY0EA@FPAUjpeg_common_struct@1@HII@Z=0x00470ECB;?alloc_sarray@D3DX@@YAPAPAEPAUjpeg_common_struct@1@HII@Z=0x00470E39;?jpeg_mem_available@D3DX@@YAJPAUjpeg_common_struct@1@JJJ@Z=0x0047370D;?jpeg_open_backing_store@D3DX@@YAXPAUjpeg_common_struct@1@PAUbacking_store_struct@1@J@Z=0x00473712,
vc7-d3dx8-auto-jmemmgr,d3dx8,obj/i386/jmemmgr.obj,0x004712BD,?access_virt_sarray@D3DX@@YAPAPAEPAUjpeg_common_struct@1@PAUjvirt_sarray_control@1@IIE@Z,?do_sarray_io@D3DX@@YAXPAUjpeg_common_struct@1@PAUjvirt_sarray_control@1@E@Z=0x004711AA;?jzero_far@D3DX@@YAXPAXI@Z=0x00470735,
vc7-d3dx8-auto-jmemmgr,d3dx8,obj/i386/jmemmgr.obj,0x004713DB,?access_virt_barray@D3DX@@YAPAPAY0EA@FPAUjpeg_common_struct@1@PAUjvirt_barray_control@1@IIE@Z,?do_barray_io@D3DX@@YAXPAUjpeg_common_struct@1@PAUjvirt_barray_control@1@E@Z=0x00471232;?jzero_far@D3DX@@YAXPAXI@Z=0x00470735,
vc7-d3dx8-auto-jmemmgr,d3dx8,obj/i386/jmemmgr.obj,0x004714FE,?free_pool@D3DX@@YAXPAUjpeg_common_struct@1@H@Z,?jpeg_free_large@D3DX@@YAXPAUjpeg_common_struct@1@PAXI@Z=0x00479B1E;?jpeg_free_small@D3DX@@YAXPAUjpeg_common_struct@1@PAXI@Z=0x00479B1E,
vc7-d3dx8-auto-jmemmgr,d3dx8,obj/i386/jmemmgr.obj,0x004715DF,?self_destruct@D3DX@@YAXPAUjpeg_common_struct@1@@Z,?free_pool@D3DX@@YAXPAUjpeg_common_struct@1@H@Z=0x004714FE;?jpeg_free_small@D3DX@@YAXPAUjpeg_common_struct@1@PAXI@Z=0x00479B1E;?jpeg_mem_term@D3DX@@YAXPAUjpeg_common_struct@1@@Z=0x004674B3,
vc7-d3dx8-auto-jmemmgr,d3dx8,obj/i386/jmemmgr.obj,0x0047160F,?jinit_memory_mgr@D3DX@@YAXPAUjpeg_common_struct@1@@Z,?jpeg_get_small@D3DX@@YAPAXPAUjpeg_common_struct@1@I@Z=0x00473702;?jpeg_mem_init@D3DX@@YAJPAUjpeg_common_struct@1@@Z=0x004889EB;?jpeg_mem_term@D3DX@@YAXPAUjpeg_common_struct@1@@Z=0x004674B3,?access_virt_barray@D3DX@@YAPAPAY0EA@FPAUjpeg_common_struct@1@PAUjvirt_barray_control@1@IIE@Z=0x004713DB;?access_virt_sarray@D3DX@@YAPAPAEPAUjpeg_common_struct@1@PAUjvirt_sarray_control@1@IIE@Z=0x004712BD;?alloc_barray@D3DX@@YAPAPAY0EA@FPAUjpeg_common_struct@1@HII@Z=0x00470ECB;?alloc_large@D3DX@@YAPAXPAUjpeg_common_struct@1@HI@Z=0x00470DAB;?alloc_sarray@D3DX@@YAPAPAEPAUjpeg_common_struct@1@HII@Z=0x00470E39;?alloc_small@D3DX@@YAPAXPAUjpeg_common_struct@1@HI@Z=0x00470CAF;?free_pool@D3DX@@YAXPAUjpeg_common_struct@1@H@Z=0x004714FE;?realize_virt_arrays@D3DX@@YAXPAUjpeg_common_struct@1@@Z=0x0047102B;?request_virt_barray@D3DX@@YAPAUjvirt_barray_control@1@PAUjpeg_common_struct@1@HEIII@Z=0x00470FCA;?request_virt_sarray@D3DX@@YAPAUjvirt_sarray_control@1@PAUjpeg_common_struct@1@HEIII@Z=0x00470F69;?self_destruct@D3DX@@YAXPAUjpeg_common_struct@1@@Z=0x004715DF
vc7-d3dx8-auto-jquant1,d3dx8,obj/i386/jquant1.obj,0x0047869B,?create_colormap@D3DX@@YAXPAUjpeg_decompress_struct@1@@Z,?output_value@D3DX@@YAHPAUjpeg_decompress_struct@1@HHH@Z=0x0047866F;?select_ncolors@D3DX@@YAHPAUjpeg_decompress_struct@1@QAH@Z=0x004785A4,
vc7-d3dx8-auto-jquant1,d3dx8,obj/i386/jquant1.obj,0x004787B8,?create_colorindex@D3DX@@YAXPAUjpeg_decompress_struct@1@@Z,?largest_input_value@D3DX@@YAHPAUjpeg_decompress_struct@1@HHH@Z=0x00478688,
vc7-d3dx8-auto-jquant1,d3dx8,obj/i386/jquant1.obj,0x0047893B,?create_odither_tables@D3DX@@YAXPAUjpeg_decompress_struct@1@@Z,?make_odither_array@D3DX@@YAPAY0BA@HPAUjpeg_decompress_struct@1@H@Z=0x004788D9,
vc7-d3dx8-auto-jquant1,d3dx8,obj/i386/jquant1.obj,0x00478AA9,?quantize_ord_dither@D3DX@@YAXPAUjpeg_decompress_struct@1@PAPAE1H@Z,?jzero_far@D3DX@@YAXPAXI@Z=0x00470735,
vc7-d3dx8-auto-jquant1,d3dx8,obj/i386/jquant1.obj,0x00478C93,?quantize_fs_dither@D3DX@@YAXPAUjpeg_decompress_struct@1@PAPAE1H@Z,?jzero_far@D3DX@@YAXPAXI@Z=0x00470735,
vc7-d3dx8-auto-jquant1,d3dx8,obj/i386/jquant1.obj,0x00478E4D,?start_pass_1_quant@D3DX@@YAXPAUjpeg_decompress_struct@1@E@Z,?alloc_fs_workspace@D3DX@@YAXPAUjpeg_decompress_struct@1@@Z=0x00478E17;?create_colorindex@D3DX@@YAXPAUjpeg_decompress_struct@1@@Z=0x004787B8;?create_odither_tables@D3DX@@YAXPAUjpeg_decompress_struct@1@@Z=0x0047893B;?jzero_far@D3DX@@YAXPAXI@Z=0x00470735,?color_quantize3@D3DX@@YAXPAUjpeg_decompress_struct@1@PAPAE1H@Z=0x00478A1C;?color_quantize@D3DX@@YAXPAUjpeg_decompress_struct@1@PAPAE1H@Z=0x00478994;?quantize3_ord_dither@D3DX@@YAXPAUjpeg_decompress_struct@1@PAPAE1H@Z=0x00478B94;?quantize_fs_dither@D3DX@@YAXPAUjpeg_decompress_struct@1@PAPAE1H@Z=0x00478C93;?quantize_ord_dither@D3DX@@YAXPAUjpeg_decompress_struct@1@PAPAE1H@Z=0x00478AA9
vc7-d3dx8-auto-jquant1,d3dx8,obj/i386/jquant1.obj,0x00478F29,?jinit_1pass_quantizer@D3DX@@YAXPAUjpeg_decompress_struct@1@@Z,?alloc_fs_workspace@D3DX@@YAXPAUjpeg_decompress_struct@1@@Z=0x00478E17;?create_colorindex@D3DX@@YAXPAUjpeg_decompress_struct@1@@Z=0x004787B8;?create_colormap@D3DX@@YAXPAUjpeg_decompress_struct@1@@Z=0x0047869B,?finish_pass_1_quant@D3DX@@YAXPAUjpeg_decompress_struct@1@@Z=0x004674B3;?new_color_map_1_quant@D3DX@@YAXPAUjpeg_decompress_struct@1@@Z=0x00478F15;?start_pass_1_quant@D3DX@@YAXPAUjpeg_decompress_struct@1@E@Z=0x00478E4D
vc7-d3dx8-auto-jquant2,d3dx8,obj/i386/jquant2.obj,0x0047796E,?median_cut@D3DX@@YAHPAUjpeg_decompress_struct@1@PAUbox@1@HH@Z,?find_biggest_color_pop@D3DX@@YAPAUbox@1@PAU21@H@Z=0x004775EA;?find_biggest_volume@D3DX@@YAPAUbox@1@PAU21@H@Z=0x00477613;?update_box@D3DX@@YAXPAUjpeg_decompress_struct@1@PAUbox@1@@Z=0x00477636,
vc7-d3dx8-auto-jquant2,d3dx8,obj/i386/jquant2.obj,0x00477BC0,?select_colors@D3DX@@YAXPAUjpeg_decompress_struct@1@H@Z,?compute_color@D3DX@@YAXPAUjpeg_decompress_struct@1@PAUbox@1@H@Z=0x00477A88;?median_cut@D3DX@@YAHPAUjpeg_decompress_struct@1@PAUbox@1@HH@Z=0x0047796E;?update_box@D3DX@@YAXPAUjpeg_decompress_struct@1@PAUbox@1@@Z=0x00477636,
vc7-d3dx8-auto-jquant2,d3dx8,obj/i386/jquant2.obj,0x00477EE7,?fill_inverse_cmap@D3DX@@YAXPAUjpeg_decompress_struct@1@HHH@Z,?find_best_colors@D3DX@@YAXPAUjpeg_decompress_struct@1@HHHHQAE1@Z=0x00477DCD;?find_nearby_colors@D3DX@@YAHPAUjpeg_decompress_struct@1@HHHQAE@Z=0x00477C4D,
vc7-d3dx8-auto-jquant2,d3dx8,obj/i386/jquant2.obj,0x00477FB7,?pass2_no_dither@D3DX@@YAXPAUjpeg_decompress_struct@1@PAPAE1H@Z,?fill_inverse_cmap@D3DX@@YAXPAUjpeg_decompress_struct@1@HHH@Z=0x00477EE7,
vc7-d3dx8-auto-jquant2,d3dx8,obj/i386/jquant2.obj,0x00478060,?pass2_fs_dither@D3DX@@YAXPAUjpeg_decompress_struct@1@PAPAE1H@Z,?fill_inverse_cmap@D3DX@@YAXPAUjpeg_decompress_struct@1@HHH@Z=0x00477EE7,
vc7-d3dx8-auto-jquant2,d3dx8,obj/i386/jquant2.obj,0x0047835E,?finish_pass1@D3DX@@YAXPAUjpeg_decompress_struct@1@@Z,?select_colors@D3DX@@YAXPAUjpeg_decompress_struct@1@H@Z=0x00477BC0,
vc7-d3dx8-auto-jquant2,d3dx8,obj/i386/jquant2.obj,0x00478380,?start_pass_2_quant@D3DX@@YAXPAUjpeg_decompress_struct@1@E@Z,?init_error_limit@D3DX@@YAXPAUjpeg_decompress_struct@1@@Z=0x004782CE;?jzero_far@D3DX@@YAXPAXI@Z=0x00470735,?finish_pass1@D3DX@@YAXPAUjpeg_decompress_struct@1@@Z=0x0047835E;?finish_pass2@D3DX@@YAXPAUjpeg_decompress_struct@1@@Z=0x004674B3;?pass2_fs_dither@D3DX@@YAXPAUjpeg_decompress_struct@1@PAPAE1H@Z=0x00478060;?pass2_no_dither@D3DX@@YAXPAUjpeg_decompress_struct@1@PAPAE1H@Z=0x00477FB7;?prescan_quantize@D3DX@@YAXPAUjpeg_decompress_struct@1@PAPAE1H@Z=0x0047757E
vc7-d3dx8-auto-jquant2,d3dx8,obj/i386/jquant2.obj,0x00478491,?jinit_2pass_quantizer@D3DX@@YAXPAUjpeg_decompress_struct@1@@Z,?init_error_limit@D3DX@@YAXPAUjpeg_decompress_struct@1@@Z=0x004782CE,?new_color_map_2_quant@D3DX@@YAXPAUjpeg_decompress_struct@1@@Z=0x00478482;?start_pass_2_quant@D3DX@@YAXPAUjpeg_decompress_struct@1@E@Z=0x00478380
vc7-d3dx8-auto-png,d3dx8,obj/i386/png.obj,0x0046F8DB,_png_zalloc,_png_malloc=0x0047225B,
vc7-d3dx8-auto-png,d3dx8,obj/i386/png.obj,0x0046F933,_png_reset_crc,_crc32=0x004735F9,
vc7-d3dx8-auto-png,d3dx8,obj/i386/png.obj,0x0046F94B,_png_calculate_crc,_crc32=0x004735F9,
vc7-d3dx8-auto-png,d3dx8,obj/i386/png.obj,0x0046F9A3,_png_create_info_struct,_png_create_struct=0x0047220C;_png_info_init=0x0046F98A,
vc7-d3dx8-auto-pngmem,d3dx8,obj/i386/pngmem.obj,0x0047220C,_png_create_struct,_malloc=0x0047D39D,
vc7-d3dx8-auto-pngmem,d3dx8,obj/i386/pngmem.obj,0x0047224E,_png_destroy_struct,_free=0x0047D285,
vc7-d3dx8-auto-pngmem,d3dx8,obj/i386/pngmem.obj,0x00472291,_png_free,_free=0x0047D285,
vc7-d3dx8-auto-pngread,d3dx8,obj/i386/pngread.obj,0x0046D7EA,_png_read_update_info,_png_read_start_row=0x00472A70;_png_read_transform_info=0x0046E137,
vc7-d3dx8-auto-pngread,d3dx8,obj/i386/pngread.obj,0x0046DBB2,_png_read_image,_png_read_row=0x0046D80A;_png_set_interlace_handling=0x0046DFCA,
vc7-d3dx8-auto-pngread,d3dx8,obj/i386/pngread.obj,0x0046DBFF,_png_read_destroy,_inflateEnd=0x00471D71;_png_free=0x00472291;_png_info_destroy=0x0046F998;_png_zfree=0x0046F92E,
vc7-d3dx8-auto-pngread,d3dx8,obj/i386/pngread.obj,0x0046DD22,_png_destroy_read_struct,_png_destroy_struct=0x0047224E;_png_read_destroy=0x0046DBFF,
vc7-d3dx8-auto-pngrtran,d3dx8,obj/i386/pngrtran.obj,0x0046E0EF,_png_set_strip_16,,
vc7-d3dx8-auto-pngrtran,d3dx8,obj/i386/pngrtran.obj,0x0046F3FF,_png_init_read_transformations,_png_build_gamma_table=0x0046F100,
vc7-d3dx8-auto-pngrutil,d3dx8,obj/i386/pngrutil.obj,0x00472336,_png_crc_read,_png_calculate_crc=0x0046F94B;_png_read_data=0x0046F82C,
vc7-d3dx8-auto-pngrutil,d3dx8,obj/i386/pngrutil.obj,0x0047235A,_png_crc_error,_png_get_uint_32=0x00472300;_png_read_data=0x0046F82C,
vc7-d3dx8-auto-pngtrans,d3dx8,obj/i386/pngtrans.obj,0x0046DFA8,_png_set_bgr,,
vc7-d3dx8-auto-s3tc,d3dx8,obj/i386/s3tc.obj,0x0046FBD7,?Quantize@@YAXPAUFCOLOR@@0PAUS3TCBlockRGB@@H@Z,?ColorToFcolor@@YAXPAUS3TC_COLOR@@PAUFCOLOR@@@Z=0x0046FA54;?ColorToRGB@@YAXPAUS3TC_COLOR@@PAG@Z=0x0046FABB;?FcolorToColor@@YAXPAUFCOLOR@@PAUS3TC_COLOR@@@Z=0x0046FA86;?RGBToColor@@YAXPAGPAUS3TC_COLOR@@@Z=0x0046FAEB,
vc7-d3dx8-auto-s3tc,d3dx8,obj/i386/s3tc.obj,0x0046FD94,?AllSame@@YAXPAUS3TC_COLOR@@PAUS3TCBlockRGB@@G@Z,?ColorToRGB@@YAXPAUS3TC_COLOR@@PAG@Z=0x0046FABB,
vc7-d3dx8-auto-s3tc,d3dx8,obj/i386/s3tc.obj,0x0047028C,?DecodeBlockRGB@@YAXPAUS3TCBlockRGB@@QAUS3TC_COLOR@@@Z,?RGBToColor@@YAXPAGPAUS3TC_COLOR@@@Z=0x0046FAEB,
vc7-d3dx8-auto-s3tc,d3dx8,obj/i386/s3tc.obj,0x00470375,?DecodeBlockAlpha4@@YAXPAUS3TCBlockAlpha4@@QAUS3TC_COLOR@@@Z,?DecodeBlockRGB@@YAXPAUS3TCBlockRGB@@QAUS3TC_COLOR@@@Z=0x0047028C,
vc7-d3dx8-auto-s3tc,d3dx8,obj/i386/s3tc.obj,0x004703C3,?DecodeBlockAlpha3@@YAXPAUS3TCBlockAlpha3@@QAUS3TC_COLOR@@@Z,?DecodeBlockRGB@@YAXPAUS3TCBlockRGB@@QAUS3TC_COLOR@@@Z=0x0047028C,
vc7-d3dx8-auto-s3tc,d3dx8,obj/i386/s3tc.obj,0x004704C3,?EncodeBlockRGB@@YAXQAUS3TC_COLOR@@PAUS3TCBlockRGB@@@Z,?EncodeBlockRGBColorKey@@YAXQAUS3TC_COLOR@@PAUS3TCBlockRGB@@U1@2@Z=0x0046FDF5,
vc7-d3dx8-auto-s3tc,d3dx8,obj/i386/s3tc.obj,0x004704F5,?EncodeBlockAlpha4@@YAXQAUS3TC_COLOR@@PAUS3TCBlockAlpha4@@@Z,?EncodeBlockRGB@@YAXQAUS3TC_COLOR@@PAUS3TCBlockRGB@@@Z=0x004704C3,
vc7-d3dx8-auto-s3tc,d3dx8,obj/i386/s3tc.obj,0x0047054E,?EncodeBlockAlpha3@@YAXQAUS3TC_COLOR@@PAUS3TCBlockAlpha3@@@Z,?EncodeBlockRGB@@YAXQAUS3TC_COLOR@@PAUS3TCBlockRGB@@@Z=0x004704C3,
vc7-d3dx8-auto-s3tchelp,d3dx8,obj/i386/s3tchelp.obj,0x0046F9C5,?XXEncodeBlockRGB@@YAXQAUS3TC_COLOR@@PAUS3TCBlockRGB@@@Z,?EncodeBlockRGB@@YAXQAUS3TC_COLOR@@PAUS3TCBlockRGB@@@Z=0x004704C3;?EncodeBlockRGBColorKey@@YAXQAUS3TC_COLOR@@PAUS3TCBlockRGB@@U1@2@Z=0x0046FDF5,
vc7-d3dx8-auto-s3tchelp,d3dx8,obj/i386/s3tchelp.obj,0x0046FA2E,?XXDecodeBlockRGB@@YAXPAUS3TCBlockRGB@@QAUS3TC_COLOR@@@Z,?DecodeBlockRGB@@YAXPAUS3TCBlockRGB@@QAUS3TC_COLOR@@@Z=0x0047028C,
vc7-d3dx8-auto-zutil,d3dx8,obj/i386/zutil.obj,0x00479B0E,?zcalloc@D3DX@@YAPAXPAXII@Z,_calloc=0x0047FA09,
vc7-libcmt-auto-87cdisp,libcmt,../build/intel/mt_obj/87cdisp.obj,0x0048C281,__ctrandisp1,__trandisp1=0x00483A80,
vc7-libcmt-auto-87cdisp,libcmt,../build/intel/mt_obj/87cdisp.obj,0x0048C2B4,__fload,,
vc7-libcmt-auto-adj-fdiv,libcmt,../build/intel/mt_obj/adj_fdiv.obj,0x00488FC6,__fdivp_sti_st,,
vc7-libcmt-auto-adj-fdiv,libcmt,../build/intel/mt_obj/adj_fdiv.obj,0x00488FD9,__fdivrp_sti_st,,
vc7-libcmt-auto-adj-fdiv,libcmt,../build/intel/mt_obj/adj_fdiv.obj,0x004891EC,__safe_fdiv,,
vc7-libcmt-auto-adj-fdiv,libcmt,../build/intel/mt_obj/adj_fdiv.obj,0x00489201,__safe_fdivr,,
vc7-libcmt-auto-cfout,libcmt,../build/intel/mt_obj/cfout.obj,0x00488650,___dtold,,
vc7-libcmt-auto-chkstk,libcmt,build/intel/mt_obj/chkstk.obj,0x0047F3A0,__chkstk,,
vc7-libcmt-auto-common,libcmt,../build/intel/mt_obj/common.obj,0x00483CB0,__twoToTOS,,
vc7-libcmt-auto-common,libcmt,../build/intel/mt_obj/common.obj,0x00483CC5,__load_CW,,
vc7-libcmt-auto-common,libcmt,../build/intel/mt_obj/common.obj,0x00483CF5,__fload_withFB,,
vc7-libcmt-auto-common,libcmt,../build/intel/mt_obj/common.obj,0x00483D38,__checkTOS_withFB,,
vc7-libcmt-auto-common,libcmt,../build/intel/mt_obj/common.obj,0x00483D85,__check_overflow_exit,,
vc7-libcmt-auto-crt0dat,libcmt,build/intel/mt_obj/crt0dat.obj,0x0047F9C9,_exit,_doexit=0x0047F8F6,
vc7-libcmt-auto-crt0dat,libcmt,build/intel/mt_obj/crt0dat.obj,0x0047F9DA,__exit,_doexit=0x0047F8F6,
vc7-libcmt-auto-crt0dat,libcmt,build/intel/mt_obj/crt0dat.obj,0x0047F9EB,__cexit,_doexit=0x0047F8F6,
vc7-libcmt-auto-crt0dat,libcmt,build/intel/mt_obj/crt0dat.obj,0x0047F9FA,__c_exit,_doexit=0x0047F8F6,
vc7-libcmt-auto-cvt,libcmt,../build/intel/mt_obj/cvt.obj,0x00483689,__fassign,__atodbl=0x00488553;__atoflt=0x00488596,
vc7-libcmt-auto-cvt,libcmt,../build/intel/mt_obj/cvt.obj,0x004836C7,__shift,_memmove=0x0047D820;_strlen=0x0047DB60,
vc7-libcmt-auto-cvt,libcmt,../build/intel/mt_obj/cvt.obj,0x004839AA,__cfltcvt,__cftoe=0x00483792;__cftof=0x004838A2;__cftog=0x0048390A,
vc7-libcmt-auto-dosmap,libcmt,build/intel/mt_obj/dosmap.obj,0x004816F4,__errno,__getptd=0x004815D8,
vc7-libcmt-auto-dosmap,libcmt,build/intel/mt_obj/dosmap.obj,0x004816FD,___doserrno,__getptd=0x004815D8,
vc7-libcmt-auto-ehprolog,libcmt,../build/intel/mt_obj/ehprolog.obj,0x0047F830,__EH_prolog,,
vc7-libcmt-auto-exsup,libcmt,build/intel/mt_obj/exsup.obj,0x0047F740,__global_unwind2,_RtlUnwind@16=0x0048B890,
vc7-libcmt-auto-exsup,libcmt,build/intel/mt_obj/exsup.obj,0x0047F760,__unwind_handler,,
vc7-libcmt-auto-exsup,libcmt,build/intel/mt_obj/exsup.obj,0x0047F782,__local_unwind2,,
vc7-libcmt-auto-exsup,libcmt,build/intel/mt_obj/exsup.obj,0x0047F7EA,__abnormal_termination,,
vc7-libcmt-auto-exsup3,libcmt,build/intel/mt_obj/exsup3.obj,0x00486970,__except_handler3,__NLG_Notify=0x0047F816;__global_unwind2=0x0047F740;__local_unwind2=0x0047F782,
vc7-libcmt-auto-exsup3,libcmt,build/intel/mt_obj/exsup3.obj,0x00486A2D,__seh_longjmp_unwind@4,__local_unwind2=0x0047F782,
vc7-libcmt-auto-fclose,libcmt,build/intel/mt_obj/fclose.obj,0x0048AC12,__fclose_lk,__close=0x0048B721;__flush=0x00489AC4;__freebuf=0x0048B7BC;_free=0x0047D285,
vc7-libcmt-auto-fflush,libcmt,build/intel/mt_obj/fflush.obj,0x00489AC4,__flush,__write=0x004865C0,
vc7-libcmt-auto-fflush,libcmt,build/intel/mt_obj/fflush.obj,0x00489B21,__fflush_lk,__commit=0x0048ACAF;__flush=0x00489AC4,
vc7-libcmt-auto-fflush,libcmt,build/intel/mt_obj/fflush.obj,0x00489C24,__flushall,_flsall=0x00489B4F,
vc7-libcmt-auto-fp8,libcmt,build/intel/mt_obj/fp8.obj,0x004839FB,__setdefaultprecision,__controlfp=0x004888D7,
vc7-libcmt-auto-fpctrl,libcmt,../build/intel/mt_obj/fpctrl.obj,0x00484646,__statfp,,
vc7-libcmt-auto-fpctrl,libcmt,../build/intel/mt_obj/fpctrl.obj,0x00484653,__clrfp,,
vc7-libcmt-auto-fpctrl,libcmt,../build/intel/mt_obj/fpctrl.obj,0x00484661,__ctrlfp,,
vc7-libcmt-auto-fpexcept,libcmt,../build/intel/mt_obj/fpexcept.obj,0x00484442,__set_errno,__errno=0x004816F4,
vc7-libcmt-auto-fpexcept,libcmt,../build/intel/mt_obj/fpexcept.obj,0x0048446A,__errcode,,
vc7-libcmt-auto-fptostr,libcmt,build/intel/mt_obj/_fptostr.obj,0x004885D9,__fptostr,_memmove=0x0047D820;_strlen=0x0047DB60,
vc7-libcmt-auto-frame,libcmt,../build/intel/mt_obj/frame.obj,0x00485A43,?TypeMatch@@YAHPBU_s_HandlerType@@PBU_s_CatchableType@@PBU_s_ThrowInfo@@@Z,_strcmp=0x004870F0,
vc7-libcmt-auto-frame,libcmt,../build/intel/mt_obj/frame.obj,0x00485A92,?FrameUnwindFilter@@YAHPAU_EXCEPTION_POINTERS@@@Z,?terminate@@YAXXZ=0x00482B8C;__getptd=0x004815D8,
vc7-libcmt-auto-frame,libcmt,../build/intel/mt_obj/frame.obj,0x00485BC3,?AdjustPointer@@YAPAXPAXABUPMD@@@Z,,
vc7-libcmt-auto-frame,libcmt,../build/intel/mt_obj/frame.obj,0x00485F03,?CatchIt@@YAXPAUEHExceptionRecord@@PAUEHRegistrationNode@@PAU_CONTEXT@@PAXPBU_s_FuncInfo@@PBU_s_HandlerType@@PBU_s_CatchableType@@PBU_s_TryBlockMapEntry@@H1E@Z,?BuildCatchObject@@YAXPAUEHExceptionRecord@@PAXPBU_s_HandlerType@@PBU_s_CatchableType@@@Z=0x00485D87;?CallCatchBlock@@YAPAXPAUEHExceptionRecord@@PAUEHRegistrationNode@@PAU_CONTEXT@@PBU_s_FuncInfo@@PAXHK@Z=0x00485BE0;?_JumpToContinuation@@YGXPAXPAUEHRegistrationNode@@@Z=0x0047F3DD;?_UnwindNestedFrames@@YGXPAUEHRegistrationNode@@PAUEHExceptionRecord@@@Z=0x0047F414;___FrameUnwindToState=0x00485AB0,
vc7-libcmt-auto-frame,libcmt,../build/intel/mt_obj/frame.obj,0x00485F6A,?FindHandlerForForeignException@@YAXPAUEHExceptionRecord@@PAUEHRegistrationNode@@PAU_CONTEXT@@PAXPBU_s_FuncInfo@@HH1@Z,?CatchIt@@YAXPAUEHExceptionRecord@@PAUEHRegistrationNode@@PAU_CONTEXT@@PAXPBU_s_FuncInfo@@PBU_s_HandlerType@@PBU_s_CatchableType@@PBU_s_TryBlockMapEntry@@H1E@Z=0x00485F03;?_CallSETranslator@@YAHPAUEHExceptionRecord@@PAUEHRegistrationNode@@PAX2PBU_s_FuncInfo@@H1@Z=0x0047F691;?_GetRangeOfTrysToCheck@@YAPBU_s_TryBlockMapEntry@@PBU_s_FuncInfo@@HHPAI1@Z=0x0047F531;__getptd=0x004815D8,
vc7-libcmt-auto-frame,libcmt,../build/intel/mt_obj/frame.obj,0x0048602A,?FindHandler@@YAXPAUEHExceptionRecord@@PAUEHRegistrationNode@@PAU_CONTEXT@@PAXPBU_s_FuncInfo@@EH1@Z,?CatchIt@@YAXPAUEHExceptionRecord@@PAUEHRegistrationNode@@PAU_CONTEXT@@PAXPBU_s_FuncInfo@@PBU_s_HandlerType@@PBU_s_CatchableType@@PBU_s_TryBlockMapEntry@@H1E@Z=0x00485F03;?FindHandlerForForeignException@@YAXPAUEHExceptionRecord@@PAUEHRegistrationNode@@PAU_CONTEXT@@PAXPBU_s_FuncInfo@@HH1@Z=0x00485F6A;?TypeMatch@@YAHPBU_s_HandlerType@@PBU_s_CatchableType@@PBU_s_ThrowInfo@@@Z=0x00485A43;?_GetRangeOfTrysToCheck@@YAPBU_s_TryBlockMapEntry@@PBU_s_FuncInfo@@HHPAI1@Z=0x0047F531;?_ValidateRead@@YAHPBXI@Z=0x00489801;?_inconsistency@@YAXXZ=0x00482BC1;?terminate@@YAXXZ=0x00482B8C;___DestructExceptionObject=0x00485B7E;__getptd=0x004815D8,
vc7-libcmt-auto-frame,libcmt,../build/intel/mt_obj/frame.obj,0x0048620C,___InternalCxxFrameHandler,?FindHandler@@YAXPAUEHExceptionRecord@@PAUEHRegistrationNode@@PAU_CONTEXT@@PAXPBU_s_FuncInfo@@EH1@Z=0x0048602A;?_inconsistency@@YAXXZ=0x00482BC1;___FrameUnwindToState=0x00485AB0,
vc7-libcmt-auto-freebuf,libcmt,build/intel/mt_obj/_freebuf.obj,0x0048B7BC,__freebuf,_free=0x0047D285,
vc7-libcmt-auto-frnd,libcmt,../build/intel/mt_obj/frnd.obj,0x004889EE,__frnd,,
vc7-libcmt-auto-ftol,libcmt,../build/intel/mt_obj/ftol.obj,0x0047EF34,__ftol,,
vc7-libcmt-auto-ftol2,libcmt,../build/intel/mt_obj/ftol2.obj,0x0048B8A0,__ftol2,,
vc7-libcmt-auto-genexcep,libcmt,../build/intel/mt_obj/genexcep.obj,0x00483C50,__startTwoArgErrorHandling,,
vc7-libcmt-auto-genexcep,libcmt,../build/intel/mt_obj/genexcep.obj,0x00483C67,__startOneArgErrorHandling,__87except=0x004888ED,
vc7-libcmt-auto-ieee87,libcmt,../build/intel/mt_obj/ieee87.obj,0x00488785,__abstract_cw,,
vc7-libcmt-auto-ieee87,libcmt,../build/intel/mt_obj/ieee87.obj,0x00488817,__hw_cw,,
vc7-libcmt-auto-ieee87,libcmt,../build/intel/mt_obj/ieee87.obj,0x004888A5,__control87,__abstract_cw=0x00488785;__hw_cw=0x00488817,
vc7-libcmt-auto-ieee87,libcmt,../build/intel/mt_obj/ieee87.obj,0x004888D7,__controlfp,__control87=0x004888A5,
vc7-libcmt-auto-ieeemisc,libcmt,../build/intel/mt_obj/ieeemisc.obj,0x0047ED6B,__fpclass,__sptype=0x00483E66,__real@0000000000000000=__real@0000000000000000
vc7-libcmt-auto-inittime,libcmt,build/intel/mt_obj/inittime.obj,0x00486C9D,___free_lc_time,_free=0x0047D285,
vc7-libcmt-auto-input,libcmt,build/intel/mt_obj/input.obj,0x00481779,__inc,__filbuf=0x004877DD,
vc7-libcmt-auto-intrncvt,libcmt,../build/intel/mt_obj/intrncvt.obj,0x0048822F,__ZeroTail,,
vc7-libcmt-auto-intrncvt,libcmt,../build/intel/mt_obj/intrncvt.obj,0x00488261,__IncMan,___addl=0x0048A386,
vc7-libcmt-auto-intrncvt,libcmt,../build/intel/mt_obj/intrncvt.obj,0x004882AE,__RoundMan,__IncMan=0x00488261;__ZeroTail=0x0048822F,
vc7-libcmt-auto-intrncvt,libcmt,../build/intel/mt_obj/intrncvt.obj,0x00488320,__CopyMan,,
vc7-libcmt-auto-intrncvt,libcmt,../build/intel/mt_obj/intrncvt.obj,0x0048833B,__IsZeroMan,,
vc7-libcmt-auto-intrncvt,libcmt,../build/intel/mt_obj/intrncvt.obj,0x00488354,__ShrMan,,
vc7-libcmt-auto-intrncvt,libcmt,../build/intel/mt_obj/intrncvt.obj,0x004883CF,__ld12cvt,__CopyMan=0x00488320;__IsZeroMan=0x0048833B;__RoundMan=0x004882AE;__ShrMan=0x00488354,
vc7-libcmt-auto-isctype,libcmt,build/intel/mt_obj/isctype.obj,0x0048137C,___isctype_mt,___crtGetStringTypeA=0x00486AE3,
vc7-libcmt-auto-ismbbyte,libcmt,build/intel/mt_obj/ismbbyte.obj,0x00488134,__ismbblead,_x_ismbbtype=0x00488103,
vc7-libcmt-auto-llmul,libcmt,build/intel/mt_obj/llmul.obj,0x004816C0,__allmul,,
vc7-libcmt-auto-lowhelpr,libcmt,../build/intel/mt_obj/lowhelpr.obj,0x004862B0,__CallSettingFrame@12,__NLG_Notify1=0x0047F80D,
vc7-libcmt-auto-malloc,libcmt,build/intel/mt_obj/malloc.obj,0x0047D371,__nh_malloc,__callnewh=0x00481361;__heap_alloc=0x0047D2F6,
vc7-libcmt-auto-mantold,libcmt,../build/intel/mt_obj/mantold.obj,0x0048A386,___addl,,
vc7-libcmt-auto-mantold,libcmt,../build/intel/mt_obj/mantold.obj,0x0048A3A7,___add_12,___addl=0x0048A386,
vc7-libcmt-auto-mantold,libcmt,../build/intel/mt_obj/mantold.obj,0x0048A405,___shl_12,,
vc7-libcmt-auto-mantold,libcmt,../build/intel/mt_obj/mantold.obj,0x0048A433,___shr_12,,
vc7-libcmt-auto-mbctype,libcmt,build/intel/mt_obj/mbctype.obj,0x00487280,_CPtoLCID,,
vc7-libcmt-auto-memcmp,libcmt,build/intel/mt_obj/memcmp.obj,0x00487180,_memcmp,,
vc7-libcmt-auto-memset,libcmt,build/intel/mt_obj/memset.obj,0x0047DBF0,_memset,,
vc7-libcmt-auto-onexit,libcmt,build/intel/mt_obj/onexit.obj,0x0047D273,_atexit,__onexit=0x0047D23B,
vc7-libcmt-auto-output,libcmt,build/intel/mt_obj/output.obj,0x0047FBDD,_write_char,__flsbuf=0x0047FAC4,
vc7-libcmt-auto-output,libcmt,build/intel/mt_obj/output.obj,0x0047FC10,_write_multi_char,_write_char=0x0047FBDD,
vc7-libcmt-auto-output,libcmt,build/intel/mt_obj/output.obj,0x0047FC34,_write_string,_write_char=0x0047FBDD,
vc7-libcmt-auto-rand,libcmt,build/intel/mt_obj/rand.obj,0x0047E8E9,_rand,__getptd=0x004815D8,
vc7-libcmt-auto-sbheap,libcmt,build/intel/mt_obj/sbheap.obj,0x00480D86,___sbh_resize_block,,
vc7-libcmt-auto-sehprolg,libcmt,build/intel/mt_obj/sehprolg.obj,0x00480624,__SEH_prolog,,__except_handler3=0x00486970
vc7-libcmt-auto-sehprolg,libcmt,build/intel/mt_obj/sehprolg.obj,0x0048065F,__SEH_epilog,,
vc7-libcmt-auto-setjmp3,libcmt,build/intel/mt_obj/setjmp3.obj,0x0047EFD8,__setjmp3,,
vc7-libcmt-auto-sprintf,libcmt,build/intel/mt_obj/sprintf.obj,0x0047D44F,_sprintf,__flsbuf=0x0047FAC4;__output=0x0047FC6B,
vc7-libcmt-auto-sscanf,libcmt,build/intel/mt_obj/sscanf.obj,0x0047DC7C,_sscanf,__input=0x0048178F;_strlen=0x0047DB60,
vc7-libcmt-auto-strcat,libcmt,build/intel/mt_obj/strcat.obj,0x0047DDD0,_strcat,,
vc7-libcmt-auto-strchr,libcmt,build/intel/mt_obj/strchr.obj,0x0047DD00,_strchr,,
vc7-libcmt-auto-strcmp,libcmt,build/intel/mt_obj/strcmp.obj,0x004870F0,_strcmp,,
vc7-libcmt-auto-strcspn,libcmt,build/intel/mt_obj/strcspn.obj,0x00486F70,_strcspn,,
vc7-libcmt-auto-strdup,libcmt,build/intel/mt_obj/strdup.obj,0x0048B7E7,__strdup,_malloc=0x0047D39D;_strcpy=0x0047DDC0;_strlen=0x0047DB60,
vc7-libcmt-auto-strftime,libcmt,build/intel/mt_obj/strftime.obj,0x0047E058,__store_num,,
vc7-libcmt-auto-strftime,libcmt,build/intel/mt_obj/strftime.obj,0x0047E7F9,_strftime,__Strftime=0x0047E7C7,
vc7-libcmt-auto-stricmp,libcmt,build/intel/mt_obj/_stricmp.obj,0x00482940,___ascii_stricmp,,
vc7-libcmt-auto-strlen,libcmt,build/intel/mt_obj/strlen.obj,0x0047DB60,_strlen,,
vc7-libcmt-auto-strncmp,libcmt,build/intel/mt_obj/strncmp.obj,0x0047DCB0,_strncmp,,
vc7-libcmt-auto-strncpy,libcmt,build/intel/mt_obj/strncpy.obj,0x00486FC0,_strncpy,,
vc7-libcmt-auto-strnicm,libcmt,build/intel/mt_obj/_strnicm.obj,0x0048AD70,___ascii_strnicmp,,
vc7-libcmt-auto-strpbrk,libcmt,build/intel/mt_obj/strpbrk.obj,0x00487240,_strpbrk,,
vc7-libcmt-auto-strrchr,libcmt,build/intel/mt_obj/strrchr.obj,0x0047D4B0,_strrchr,,
vc7-libcmt-auto-tolower,libcmt,build/intel/mt_obj/tolower.obj,0x00488145,___tolower_mt,___crtLCMapStringA=0x00487A96;___isctype_mt=0x0048137C,
vc7-libcmt-auto-trnsctrl,libcmt,../build/intel/mt_obj/trnsctrl.obj,0x0047F414,?_UnwindNestedFrames@@YGXPAUEHRegistrationNode@@PAUEHExceptionRecord@@@Z,_RtlUnwind@16=0x0048B890,
vc7-libcmt-auto-trnsctrl,libcmt,../build/intel/mt_obj/trnsctrl.obj,0x0047F466,___CxxFrameHandler,___InternalCxxFrameHandler=0x0048620C,
vc7-libcmt-auto-trnsctrl,libcmt,../build/intel/mt_obj/trnsctrl.obj,0x0047F49C,?CatchGuardHandler@@YA?AW4_EXCEPTION_DISPOSITION@@PAUEHExceptionRecord@@PAUCatchGuardRN@@PAX2@Z,___InternalCxxFrameHandler=0x0048620C,
vc7-libcmt-auto-trnsctrl,libcmt,../build/intel/mt_obj/trnsctrl.obj,0x0047F4C0,?TranslatorGuardHandler@@YA?AW4_EXCEPTION_DISPOSITION@@PAUEHExceptionRecord@@PAUTranslatorGuardRN@@PAX2@Z,?_UnwindNestedFrames@@YGXPAUEHRegistrationNode@@PAUEHExceptionRecord@@@Z=0x0047F414;___InternalCxxFrameHandler=0x0048620C,
vc7-libcmt-auto-trnsctrl,libcmt,../build/intel/mt_obj/trnsctrl.obj,0x0047F531,?_GetRangeOfTrysToCheck@@YAPBU_s_TryBlockMapEntry@@PBU_s_FuncInfo@@HHPAI1@Z,?_inconsistency@@YAXXZ=0x00482BC1,
vc7-libcmt-auto-trnsctrl,libcmt,../build/intel/mt_obj/trnsctrl.obj,0x0047F5AB,?_CreateFrameInfo@@YAPAUFrameInfo@@PAU1@PAX@Z,__getptd=0x004815D8,
vc7-libcmt-auto-trnsctrl,libcmt,../build/intel/mt_obj/trnsctrl.obj,0x0047F5D3,?IsExceptionObjectToBeDestroyed@@YAHPAX@Z,__getptd=0x004815D8,
vc7-libcmt-auto-trnsctrl,libcmt,../build/intel/mt_obj/trnsctrl.obj,0x0047F5F4,?_FindAndUnlinkFrame@@YAXPAUFrameInfo@@@Z,?_inconsistency@@YAXXZ=0x00482BC1;__getptd=0x004815D8,
vc7-libcmt-auto-trnsctrl,libcmt,../build/intel/mt_obj/trnsctrl.obj,0x0047F640,?_CallCatchBlock2@@YAPAXPAUEHRegistrationNode@@PBU_s_FuncInfo@@PAXHK@Z,__CallSettingFrame@12=0x004862B0,?CatchGuardHandler@@YA?AW4_EXCEPTION_DISPOSITION@@PAUEHExceptionRecord@@PAUCatchGuardRN@@PAX2@Z=0x0047F49C
vc7-libcmt-auto-trnsctrl,libcmt,../build/intel/mt_obj/trnsctrl.obj,0x0047F691,?_CallSETranslator@@YAHPAUEHExceptionRecord@@PAUEHRegistrationNode@@PAX2PBU_s_FuncInfo@@H1@Z,__getptd=0x004815D8,?TranslatorGuardHandler@@YA?AW4_EXCEPTION_DISPOSITION@@PAUEHExceptionRecord@@PAUTranslatorGuardRN@@PAX2@Z=0x0047F4C0
vc7-libcmt-auto-tzset,libcmt,build/intel/mt_obj/tzset.obj,0x00482819,__isindst,__isindst_lk=0x00482660;__lock=0x0048080D;__unlock=0x00480779,
vc7-libcmt-auto-ulldiv,libcmt,build/intel/mt_obj/ulldiv.obj,0x00482A60,__aulldiv,,
vc7-libcmt-auto-ulldvrm,libcmt,build/intel/mt_obj/ulldvrm.obj,0x004868D0,__aulldvrm,,
vc7-libcmt-auto-ungetc,libcmt,build/intel/mt_obj/ungetc.obj,0x004878BE,__ungetc_lk,__getbuf=0x0048666B,
vc7-libcmt-auto-util,libcmt,../build/intel/mt_obj/util.obj,0x00483E3C,__set_exp,,
vc7-libcmt-auto-util,libcmt,../build/intel/mt_obj/util.obj,0x00483E66,__sptype,,
vc7-libcmt-auto-util,libcmt,../build/intel/mt_obj/util.obj,0x00483EC1,__decomp,__set_exp=0x00483E3C,__real@0000000000000000=__real@0000000000000000
vc7-libcmt-auto-vsprintf,libcmt,build/intel/mt_obj/vsprintf.obj,0x0047D13C,_vsprintf,__flsbuf=0x0047FAC4;__output=0x0047FC6B,
